component,layer,head,template,attr_type,rho
head,11,19,Tmean,AGExPOLPARTY,0.735280715156876
head,16,2,Tmean,AGExPOLPARTY,0.7070885770576172
head,30,1,Tmean,AGExPOLPARTY,0.7020827469743878
head,16,10,Tmean,AGExPOLPARTY,0.6980687011646763
head,15,5,Tmean,AGExPOLPARTY,0.6915885971613525
head,19,31,Tmean,AGExPOLPARTY,0.6864688459115703
head,15,6,Tmean,AGExPOLPARTY,0.6791979949874686
head,19,30,Tmean,AGExPOLPARTY,0.6718936378379103
head,11,16,Tmean,AGExPOLPARTY,0.6653197164033076
head,11,5,Tmean,AGExPOLPARTY,0.6499805663892351
head,14,3,Tmean,AGExPOLPARTY,0.6458492487904253
head,18,14,Tmean,AGExPOLPARTY,0.6425321324702129
head,27,29,Tmean,AGExPOLPARTY,0.6394897671987455
head,26,7,Tmean,AGExPOLPARTY,0.6320681382600887
head,21,20,Tmean,AGExPOLPARTY,0.6305268518890809
head,11,31,Tmean,AGExPOLPARTY,0.6284796215136772
head,8,11,Tmean,AGExPOLPARTY,0.6238256067977429
head,30,4,Tmean,AGExPOLPARTY,0.6233230134158926
head,13,28,Tmean,AGExPOLPARTY,0.6230918204602415
head,14,1,Tmean,AGExPOLPARTY,0.6198685215713079
head,14,1,Tmean,EDUCATIONxINCOME,0.6819367165012346
head,16,28,Tmean,EDUCATIONxINCOME,0.678140264193754
head,25,13,Tmean,EDUCATIONxINCOME,0.6771514697159375
head,15,27,Tmean,EDUCATIONxINCOME,0.6766662438331802
head,11,16,Tmean,EDUCATIONxINCOME,0.6686292825341836
head,14,25,Tmean,EDUCATIONxINCOME,0.6679895838664187
head,11,28,Tmean,EDUCATIONxINCOME,0.6604558649162748
head,14,13,Tmean,EDUCATIONxINCOME,0.6575869150096103
head,14,26,Tmean,EDUCATIONxINCOME,0.6574302822038517
head,15,0,Tmean,EDUCATIONxINCOME,0.6508698002256441
head,26,13,Tmean,EDUCATIONxINCOME,0.6490612770506093
head,8,3,Tmean,EDUCATIONxINCOME,0.6487328202156583
head,14,2,Tmean,EDUCATIONxINCOME,0.6484978704518634
head,16,11,Tmean,EDUCATIONxINCOME,0.6482371593676803
head,10,30,Tmean,EDUCATIONxINCOME,0.6467762642367981
head,21,20,Tmean,EDUCATIONxINCOME,0.6453886584319575
head,26,15,Tmean,EDUCATIONxINCOME,0.6436459377169537
head,27,15,Tmean,EDUCATIONxINCOME,0.6426904862139436
head,12,22,Tmean,EDUCATIONxINCOME,0.6418838144884929
head,14,11,Tmean,EDUCATIONxINCOME,0.6383517955793535
head,8,21,Tmean,RACExPOLIDEOLOGY,0.49566392278417815
head,18,15,Tmean,RACExPOLIDEOLOGY,0.48842480889963363
head,11,17,Tmean,RACExPOLIDEOLOGY,0.4674453802896373
head,11,16,Tmean,RACExPOLIDEOLOGY,0.4669522707220005
head,16,2,Tmean,RACExPOLIDEOLOGY,0.464793264248028
head,18,14,Tmean,RACExPOLIDEOLOGY,0.46403204035252743
head,8,18,Tmean,RACExPOLIDEOLOGY,0.4359061058531275
head,15,6,Tmean,RACExPOLIDEOLOGY,0.42616550438700534
head,10,11,Tmean,RACExPOLIDEOLOGY,0.4243608187335599
head,9,26,Tmean,RACExPOLIDEOLOGY,0.4205555698231835
head,30,22,Tmean,RACExPOLIDEOLOGY,0.420052033797157
head,7,10,Tmean,RACExPOLIDEOLOGY,0.41968954791403656
head,16,10,Tmean,RACExPOLIDEOLOGY,0.4108769527364754
head,9,8,Tmean,RACExPOLIDEOLOGY,0.4075825526159889
head,8,8,Tmean,RACExPOLIDEOLOGY,0.40727263071891867
head,9,21,Tmean,RACExPOLIDEOLOGY,0.40568819854850335
head,3,1,Tmean,RACExPOLIDEOLOGY,0.405604275877499
head,11,3,Tmean,RACExPOLIDEOLOGY,0.40336935595008694
head,8,10,Tmean,RACExPOLIDEOLOGY,0.4027310561328625
head,15,5,Tmean,RACExPOLIDEOLOGY,0.40241625905988326
head,23,13,Tmean,RACExPOLPARTY,0.6138043954820921
head,27,29,Tmean,RACExPOLPARTY,0.6092178498193536
head,18,14,Tmean,RACExPOLPARTY,0.6039305277377416
head,12,28,Tmean,RACExPOLPARTY,0.5875669605743576
head,16,10,Tmean,RACExPOLPARTY,0.5798977364411687
head,11,16,Tmean,RACExPOLPARTY,0.5628151112715057
head,21,0,Tmean,RACExPOLPARTY,0.5173891398554439
head,20,14,Tmean,RACExPOLPARTY,0.48691076545274253
head,29,11,Tmean,RACExPOLPARTY,0.4511696681406671
head,25,19,Tmean,RACExPOLPARTY,0.43838829823376446
head,14,3,Tmean,RACExPOLPARTY,0.4340606438593342
head,23,15,Tmean,RACExPOLPARTY,0.43328696989346305
head,31,28,Tmean,RACExPOLPARTY,0.43261379254588095
head,13,16,Tmean,RACExPOLPARTY,0.4291012107442585
head,23,0,Tmean,RACExPOLPARTY,0.4276276924002289
head,19,24,Tmean,RACExPOLPARTY,0.42535823669533523
head,19,30,Tmean,RACExPOLPARTY,0.42399388260585036
head,26,24,Tmean,RACExPOLPARTY,0.42271862551825135
head,15,18,Tmean,RACExPOLPARTY,0.4172894082114137
head,30,31,Tmean,RACExPOLPARTY,0.4163894384953946
head,28,0,Tmean,RACExRELIG,0.4510788175406557
head,24,5,Tmean,RACExRELIG,0.4360475308875203
head,29,2,Tmean,RACExRELIG,0.4342996939585144
head,21,7,Tmean,RACExRELIG,0.4221296331280463
head,28,2,Tmean,RACExRELIG,0.41977991461064723
head,31,27,Tmean,RACExRELIG,0.40945460384629917
head,5,24,Tmean,RACExRELIG,0.40083537990705403
head,3,0,Tmean,RACExRELIG,0.39532304379038047
head,18,14,Tmean,RACExRELIG,0.3930946083802471
head,6,23,Tmean,RACExRELIG,0.3858829863603733
head,18,4,Tmean,RACExRELIG,0.3847054822987116
head,3,17,Tmean,RACExRELIG,0.3786860996712888
head,20,6,Tmean,RACExRELIG,0.3777866777496505
head,24,23,Tmean,RACExRELIG,0.3704753088752031
head,27,29,Tmean,RACExRELIG,0.3626094930767324
head,19,18,Tmean,RACExRELIG,0.36225941738769035
head,26,24,Tmean,RACExRELIG,0.3619390184002721
head,24,21,Tmean,RACExRELIG,0.359887973703102
head,23,30,Tmean,RACExRELIG,0.3578403294668833
head,8,12,Tmean,RACExRELIG,0.3574825254089999
head,11,16,Tmean,RELIGxPOLPARTY,0.599656382437454
head,20,14,Tmean,RELIGxPOLPARTY,0.5914276383982785
head,31,7,Tmean,RELIGxPOLPARTY,0.4809189473668864
head,12,28,Tmean,RELIGxPOLPARTY,0.4744803785887644
head,23,15,Tmean,RELIGxPOLPARTY,0.47340703300740444
head,18,14,Tmean,RELIGxPOLPARTY,0.47160817975994884
head,21,2,Tmean,RELIGxPOLPARTY,0.46051474114969737
head,15,6,Tmean,RELIGxPOLPARTY,0.45238163271554094
head,29,2,Tmean,RELIGxPOLPARTY,0.435235743224232
head,28,2,Tmean,RELIGxPOLPARTY,0.4347075606068779
head,7,31,Tmean,RELIGxPOLPARTY,0.4296356662492328
head,24,10,Tmean,RELIGxPOLPARTY,0.428916503993807
head,16,10,Tmean,RELIGxPOLPARTY,0.42690990572020465
head,8,11,Tmean,RELIGxPOLPARTY,0.4248578222198249
head,31,20,Tmean,RELIGxPOLPARTY,0.4201065112393703
head,7,9,Tmean,RELIGxPOLPARTY,0.4185744463412821
head,31,26,Tmean,RELIGxPOLPARTY,0.4175383605760576
head,19,19,Tmean,RELIGxPOLPARTY,0.4162201484976025
head,19,9,Tmean,RELIGxPOLPARTY,0.4141063975263034
head,15,17,Tmean,RELIGxPOLPARTY,0.41174956343474584
