type,cell,n,wd_mouth,wd_L11,wd_L1,wd_L11H16,wd_qmean
AGExPOLPARTY,AGExPOLPARTY :: 18-29 | Democrat,247,0.2871307776913499,0.22213153423237514,0.29547132034014173,0.22625751738504188,0.15932413527134254
AGExPOLPARTY,AGExPOLPARTY :: 18-29 | Independent,248,0.26561043131955303,0.1960625392896393,0.2579034027525424,0.1926868344052519,0.11882650166057256
AGExPOLPARTY,AGExPOLPARTY :: 18-29 | Other,248,0.25769663786284874,0.19744184031080386,0.2584356946340957,0.19916158963914546,0.14131768211632637
AGExPOLPARTY,AGExPOLPARTY :: 18-29 | Republican,248,0.33509486812277206,0.2154098336824784,0.2627778696055194,0.22908073575868812,0.15859138086553076
AGExPOLPARTY,AGExPOLPARTY :: 30-49 | Democrat,249,0.27162348777309236,0.20904285931024888,0.2861378582549254,0.20008819926102725,0.13297909420834159
AGExPOLPARTY,AGExPOLPARTY :: 30-49 | Independent,250,0.25832434750402195,0.18282151227675464,0.2543089356455428,0.1770147777849973,0.07957100501413703
AGExPOLPARTY,AGExPOLPARTY :: 30-49 | Other,250,0.24703290280208906,0.18192889608533103,0.24903678340710894,0.17642350047001637,0.09664505322315962
AGExPOLPARTY,AGExPOLPARTY :: 30-49 | Refused,83,0.3113773953402512,0.23841861437033662,0.3055778518861457,0.2368324585506693,0.20864219809472423
AGExPOLPARTY,AGExPOLPARTY :: 30-49 | Republican,250,0.329434716005413,0.2074561427466909,0.27484938989374175,0.21567779083587046,0.1391699830284801
AGExPOLPARTY,AGExPOLPARTY :: 50-64 | Democrat,249,0.2788253571621286,0.19788038598091434,0.277332298301126,0.19181073543428168,0.11284063149316685
AGExPOLPARTY,AGExPOLPARTY :: 50-64 | Independent,250,0.2879132148077856,0.18312384556060218,0.261431588497713,0.17640758615171234,0.07383072193149712
AGExPOLPARTY,AGExPOLPARTY :: 50-64 | Other,250,0.2888149701372498,0.19773356684358942,0.26571472974698956,0.19395570784647498,0.12050555239844707
AGExPOLPARTY,AGExPOLPARTY :: 50-64 | Refused,28,0.2721428412605044,0.23672376645608875,0.2980317494565589,0.20518346754395037,0.17805411386889022
AGExPOLPARTY,AGExPOLPARTY :: 50-64 | Republican,250,0.3402045312059654,0.22064109272351287,0.283168194979452,0.2244316853150051,0.14794846523685942
AGExPOLPARTY,AGExPOLPARTY :: 65+ | Democrat,249,0.32474903424437157,0.23342310079961168,0.31996983249179317,0.22505610814669008,0.15061830092235498
AGExPOLPARTY,AGExPOLPARTY :: 65+ | Independent,250,0.3103968725982567,0.2065985576812826,0.28057459076236024,0.20368044664447563,0.10848378707735262
AGExPOLPARTY,AGExPOLPARTY :: 65+ | Other,202,0.3341591124790771,0.2558952381089688,0.32136763100953825,0.2514325366825087,0.18814694059630102
AGExPOLPARTY,AGExPOLPARTY :: 65+ | Republican,250,0.38843855587162757,0.2580701522362741,0.3143999409228485,0.2519262477631914,0.18511061559670078
EDUCATIONxINCOME,"EDUCATIONxINCOME :: Associate's degree | $100,000 or more",236,0.3807468275643175,0.2509941666665094,0.325456880539106,0.23964135859396485,0.14615320654287828
EDUCATIONxINCOME,"EDUCATIONxINCOME :: Associate's degree | $30,000-$50,000",250,0.3109069592177532,0.22541616931956282,0.2981342560037091,0.21473291936236336,0.13362148241891705
EDUCATIONxINCOME,"EDUCATIONxINCOME :: Associate's degree | $50,000-$75,000",250,0.3225039696337294,0.24177834249231722,0.3090846570696797,0.22766381537085356,0.12127510850258547
EDUCATIONxINCOME,"EDUCATIONxINCOME :: Associate's degree | $75,000-$100,000",235,0.3520744649783715,0.25616252073289325,0.32553555774133164,0.24692787317452478,0.14395239422812744
EDUCATIONxINCOME,"EDUCATIONxINCOME :: Associate's degree | Less than $30,000",250,0.31225994365473025,0.231921060267395,0.30188247008453734,0.22746646760608905,0.1452390269273957
EDUCATIONxINCOME,EDUCATIONxINCOME :: Associate's degree | Refused,56,0.4736705508392616,0.38774499700689447,0.4373424399014348,0.34135122246357735,0.2996554641523625
EDUCATIONxINCOME,"EDUCATIONxINCOME :: College graduate/some postgrad | $100,000 or more",250,0.3392651093386329,0.22525681354033897,0.3150813806680419,0.22473669342894487,0.10779699735739343
EDUCATIONxINCOME,"EDUCATIONxINCOME :: College graduate/some postgrad | $30,000-$50,000",250,0.2944858075475164,0.20785126581714355,0.28687252775188504,0.20187654370056515,0.10260281678993535
EDUCATIONxINCOME,"EDUCATIONxINCOME :: College graduate/some postgrad | $50,000-$75,000",250,0.31198654701244777,0.22112421652406591,0.3059673965158045,0.2167677978243367,0.09759364350368244
EDUCATIONxINCOME,"EDUCATIONxINCOME :: College graduate/some postgrad | $75,000-$100,000",250,0.32563794278186825,0.22995562208490164,0.3173552066552636,0.219605646649346,0.10408114163833844
EDUCATIONxINCOME,"EDUCATIONxINCOME :: College graduate/some postgrad | Less than $30,000",250,0.2949364771711547,0.22395425389899662,0.29862065165689394,0.21166005157278728,0.12957338318723038
EDUCATIONxINCOME,EDUCATIONxINCOME :: College graduate/some postgrad | Refused,152,0.3906390110381402,0.2888139540732151,0.3544523707390147,0.2730747702121164,0.20053595592954218
EDUCATIONxINCOME,"EDUCATIONxINCOME :: High school graduate | $100,000 or more",249,0.3725641367756437,0.26607473461602454,0.3383073477643841,0.26617713733876863,0.1737389438831949
EDUCATIONxINCOME,"EDUCATIONxINCOME :: High school graduate | $30,000-$50,000",250,0.3109750202590649,0.20715493109231614,0.2780735551213765,0.20487398659526138,0.10701258794709884
EDUCATIONxINCOME,"EDUCATIONxINCOME :: High school graduate | $50,000-$75,000",250,0.3158830290799325,0.22484838315334696,0.2932180581285279,0.21674476386054659,0.11378376147890623
EDUCATIONxINCOME,"EDUCATIONxINCOME :: High school graduate | $75,000-$100,000",250,0.3527288874499695,0.24298493070834565,0.3237011024729863,0.24693226406967778,0.14687104258818995
EDUCATIONxINCOME,"EDUCATIONxINCOME :: High school graduate | Less than $30,000",250,0.2757501803798692,0.19972787706483236,0.26099504746201324,0.19684166138506282,0.1255494539218341
EDUCATIONxINCOME,EDUCATIONxINCOME :: High school graduate | Refused,163,0.3500826861337704,0.2499858231153467,0.3224669663344306,0.24049867205858785,0.16831372795408692
EDUCATIONxINCOME,"EDUCATIONxINCOME :: Less than high school | $30,000-$50,000",171,0.31356884048266853,0.2473762326254087,0.3040658636169096,0.23781838366843308,0.18617692223139468
EDUCATIONxINCOME,"EDUCATIONxINCOME :: Less than high school | $50,000-$75,000",15,0.2196464360429779,0.23964622395829646,0.2770472131380154,0.19973833448176748,0.19433733550797763
EDUCATIONxINCOME,"EDUCATIONxINCOME :: Less than high school | Less than $30,000",250,0.2899857455778401,0.21998776205898884,0.26593676065006466,0.22453818938829176,0.19568926483644153
EDUCATIONxINCOME,"EDUCATIONxINCOME :: Postgraduate | $100,000 or more",250,0.34509882236862244,0.2559197186612636,0.33693850922992413,0.24617050892428877,0.14093591371407468
EDUCATIONxINCOME,"EDUCATIONxINCOME :: Postgraduate | $30,000-$50,000",250,0.3270834306644026,0.2455755833363753,0.3258918347724265,0.24165682644739478,0.1461880489188007
EDUCATIONxINCOME,"EDUCATIONxINCOME :: Postgraduate | $50,000-$75,000",250,0.3062718196439912,0.23653737809085146,0.31512420367516786,0.23091786993144278,0.1271768202573808
EDUCATIONxINCOME,"EDUCATIONxINCOME :: Postgraduate | $75,000-$100,000",250,0.32361941355600043,0.24535431671708308,0.33025573209074516,0.23803808931679954,0.13316973698606435
EDUCATIONxINCOME,"EDUCATIONxINCOME :: Postgraduate | Less than $30,000",221,0.31437978234954955,0.24953704659029588,0.30010255271571246,0.23381694706593822,0.162694654025038
EDUCATIONxINCOME,EDUCATIONxINCOME :: Postgraduate | Refused,122,0.3571980799271562,0.26264613640142925,0.33215972486929196,0.2616066371732614,0.182297454985658
EDUCATIONxINCOME,"EDUCATIONxINCOME :: Some college, no degree | $100,000 or more",250,0.3207737782674957,0.23331732250595957,0.30569250417617955,0.22734990930705562,0.12370778421350825
EDUCATIONxINCOME,"EDUCATIONxINCOME :: Some college, no degree | $30,000-$50,000",250,0.298362460281846,0.20138379510919904,0.27560232498071535,0.20097086769133166,0.08947160255569628
EDUCATIONxINCOME,"EDUCATIONxINCOME :: Some college, no degree | $50,000-$75,000",250,0.30182272100167035,0.21255383887633283,0.2912507971806874,0.20794369184983372,0.09030534938538459
EDUCATIONxINCOME,"EDUCATIONxINCOME :: Some college, no degree | $75,000-$100,000",250,0.32531719027785944,0.2162916663055339,0.30457309729178805,0.2129707208020833,0.10237030246327444
EDUCATIONxINCOME,"EDUCATIONxINCOME :: Some college, no degree | Less than $30,000",250,0.2717244139771996,0.19915861103351923,0.2714917904114259,0.19359468932239185,0.11597634006767328
EDUCATIONxINCOME,"EDUCATIONxINCOME :: Some college, no degree | Refused",189,0.38488299890828453,0.2557090631844832,0.3329102733833109,0.25457523554552935,0.17344409191656496
RELIGxPOLPARTY,RELIGxPOLPARTY :: Agnostic | Democrat,250,0.3471966561486961,0.27367945275842703,0.3445386001928871,0.2699595814011063,0.18496620003533717
RELIGxPOLPARTY,RELIGxPOLPARTY :: Agnostic | Independent,250,0.31719727025649935,0.22963847432106615,0.29892398435328066,0.2252627420116186,0.13300795604340296
RELIGxPOLPARTY,RELIGxPOLPARTY :: Agnostic | Other,203,0.34928635512398815,0.27387021699602776,0.33578836430449516,0.262108238574719,0.19537077440239736
RELIGxPOLPARTY,RELIGxPOLPARTY :: Agnostic | Republican,71,0.4804080921567354,0.35779853865090033,0.3795472106028987,0.37781146581174513,0.32869525632085117
RELIGxPOLPARTY,RELIGxPOLPARTY :: Atheist | Democrat,250,0.354004108407136,0.3002819779452084,0.3817990225278984,0.30101271971942545,0.2106241468254358
RELIGxPOLPARTY,RELIGxPOLPARTY :: Atheist | Independent,250,0.31310694500276065,0.2547026491443822,0.3304469576235306,0.2516954167135268,0.15772332745615203
RELIGxPOLPARTY,RELIGxPOLPARTY :: Atheist | Other,220,0.34844310159473685,0.2995911199271552,0.3681823878601266,0.2990523625410653,0.22763234266413096
RELIGxPOLPARTY,RELIGxPOLPARTY :: Buddhist | Democrat,45,0.3835200066073802,0.32804589252239774,0.39377493993109697,0.3251184836171289,0.28361824321764934
RELIGxPOLPARTY,RELIGxPOLPARTY :: Jewish | Democrat,250,0.33259516475829026,0.26030593500148325,0.3427837915065584,0.2689506358226554,0.17970605207873677
RELIGxPOLPARTY,RELIGxPOLPARTY :: Jewish | Independent,121,0.36853248192185484,0.2982631982103204,0.3760631395305883,0.30831550434247057,0.24002962643358916
RELIGxPOLPARTY,RELIGxPOLPARTY :: Jewish | Republican,40,0.41655036617235214,0.3368034872447224,0.38336358098740775,0.3334492366348364,0.2897055878891942
RELIGxPOLPARTY,RELIGxPOLPARTY :: Mormon | Democrat,20,0.4201352196746123,0.3044910765904261,0.3587040604516337,0.32440758830844224,0.23317035865034996
RELIGxPOLPARTY,RELIGxPOLPARTY :: Mormon | Independent,81,0.3929071434755915,0.3004352318434498,0.32522096050442895,0.29565008902804135,0.25676852079213836
RELIGxPOLPARTY,RELIGxPOLPARTY :: Mormon | Republican,249,0.40831546779249256,0.32204478503072115,0.372352849170242,0.32057678694881814,0.26090633160773435
RELIGxPOLPARTY,RELIGxPOLPARTY :: Nothing in particular | Democrat,250,0.2748633032254269,0.19737949422064796,0.2724862300237337,0.20885155997797294,0.11900630600239408
RELIGxPOLPARTY,RELIGxPOLPARTY :: Nothing in particular | Independent,250,0.2595025414787841,0.17492052470754232,0.2467304423798762,0.17233234563631256,0.07856142067792705
RELIGxPOLPARTY,RELIGxPOLPARTY :: Nothing in particular | Other,250,0.24765878322336693,0.18529356031543295,0.2424271771169132,0.18596176694449104,0.1274164885154353
RELIGxPOLPARTY,RELIGxPOLPARTY :: Nothing in particular | Republican,250,0.31754035957667476,0.23651910709011034,0.2880657939681612,0.23031254111594573,0.1823324692049713
RELIGxPOLPARTY,RELIGxPOLPARTY :: Other | Democrat,203,0.3634041912108472,0.2833962321380269,0.3637360802329388,0.2967186461626828,0.20369285962547556
RELIGxPOLPARTY,RELIGxPOLPARTY :: Other | Independent,250,0.33198029894465564,0.2663870458186617,0.3373521318329756,0.2752978592771092,0.1905191858770276
RELIGxPOLPARTY,RELIGxPOLPARTY :: Other | Other,45,0.3377661473147812,0.2789290887192695,0.3533492213462089,0.2565895475580705,0.24119418254253558
RELIGxPOLPARTY,RELIGxPOLPARTY :: Protestant | Democrat,250,0.27885482395697625,0.19268896113982306,0.27062239636137975,0.20898128396080165,0.1207616217841566
RELIGxPOLPARTY,RELIGxPOLPARTY :: Protestant | Independent,250,0.28219367222927594,0.17799769653450445,0.2514928860066744,0.1884270783487918,0.09605934885889246
RELIGxPOLPARTY,RELIGxPOLPARTY :: Protestant | Other,250,0.27225210698498287,0.19043915738452627,0.2548703010813997,0.19389748102594023,0.12851952809337916
RELIGxPOLPARTY,RELIGxPOLPARTY :: Protestant | Refused,106,0.3998307000687976,0.323312767325705,0.37945767142252024,0.3250707921809169,0.2501468355974304
RELIGxPOLPARTY,RELIGxPOLPARTY :: Protestant | Republican,250,0.35368911427429905,0.23823216744979578,0.30359294178491825,0.2480669539976678,0.17789532017639148
RELIGxPOLPARTY,RELIGxPOLPARTY :: Roman Catholic | Democrat,250,0.2812340520216736,0.19715830624407887,0.2730442876234388,0.20562304905421605,0.12528188041911453
RELIGxPOLPARTY,RELIGxPOLPARTY :: Roman Catholic | Independent,250,0.2737680140439812,0.1788963337969685,0.2523369566388747,0.1859493242611669,0.10359008703109819
RELIGxPOLPARTY,RELIGxPOLPARTY :: Roman Catholic | Other,250,0.26535697851971485,0.19917623915116248,0.23971308564811977,0.19798954107641992,0.17012045359691408
RELIGxPOLPARTY,RELIGxPOLPARTY :: Roman Catholic | Republican,250,0.348441078387224,0.22762459545161218,0.2959247266683671,0.2401523062409841,0.17117992014053246
RACExPOLPARTY,RACExPOLPARTY :: Asian | Democrat,250,0.35084871509881227,0.2672941916582332,0.3605170656473355,0.27159106889515156,0.19528263429901807
RACExPOLPARTY,RACExPOLPARTY :: Asian | Independent,249,0.31749362994273045,0.2445312712332675,0.32111029132346197,0.25334575790879355,0.17880483148290666
RACExPOLPARTY,RACExPOLPARTY :: Asian | Other,78,0.26421880534043635,0.21638063166499583,0.2875507322228117,0.22771884127597344,0.18392667648903566
RACExPOLPARTY,RACExPOLPARTY :: Asian | Republican,211,0.37761579890686525,0.28204179748882796,0.3348126787970687,0.2929586559393072,0.2547242835149849
RACExPOLPARTY,RACExPOLPARTY :: Black | Democrat,250,0.28245029801756827,0.2217022574452078,0.3134244877108321,0.22310994730783204,0.14718243241810985
RACExPOLPARTY,RACExPOLPARTY :: Black | Independent,250,0.2748953011097338,0.21947315319858718,0.3015205144309682,0.21796908662230993,0.14431569288614043
RACExPOLPARTY,RACExPOLPARTY :: Black | Other,250,0.31274018099005974,0.2577508403211556,0.319402522071583,0.2653511928689152,0.2072192718342087
RACExPOLPARTY,RACExPOLPARTY :: Black | Refused,43,0.3283840001912807,0.3045354430935017,0.3834772145055508,0.30507013091800417,0.26702395107924926
RACExPOLPARTY,RACExPOLPARTY :: Black | Republican,125,0.36239198991290483,0.27418444764114996,0.3295037274113225,0.2680946547972095,0.2538653257014028
RACExPOLPARTY,RACExPOLPARTY :: Hispanic | Democrat,250,0.32073091488848626,0.24085592868626396,0.3387477188563692,0.24436758825068997,0.15536439004663366
RACExPOLPARTY,RACExPOLPARTY :: Hispanic | Independent,250,0.2915339558154578,0.21528262084157707,0.29253984632912905,0.21782875063692167,0.13634813287554837
RACExPOLPARTY,RACExPOLPARTY :: Hispanic | Other,250,0.29374633815771584,0.22477412604530683,0.299586297343796,0.22732928739300515,0.15320431887217878
RACExPOLPARTY,RACExPOLPARTY :: Hispanic | Refused,43,0.33479772583741935,0.25724093274993953,0.35891846474122074,0.2674923731036174,0.22156900927305045
RACExPOLPARTY,RACExPOLPARTY :: Hispanic | Republican,249,0.3819766841517325,0.2953254343507366,0.33778427119893095,0.30016906261600435,0.23189450947132528
RACExPOLPARTY,RACExPOLPARTY :: Mixed Race | Democrat,207,0.3676051335320021,0.30793055616284176,0.3812065518769268,0.3105763506397175,0.2178476181522127
RACExPOLPARTY,RACExPOLPARTY :: Mixed Race | Independent,207,0.3064522992225998,0.24663620657809143,0.3047803162116084,0.24888852008372206,0.16744831154571985
RACExPOLPARTY,RACExPOLPARTY :: Mixed Race | Other,168,0.3375851685047773,0.2545193416698886,0.3238304042627546,0.25861885402731744,0.2082557547706794
RACExPOLPARTY,RACExPOLPARTY :: Mixed Race | Republican,118,0.40944130125375094,0.3067881350834317,0.39189038462507997,0.3173250115751283,0.25791901062751194
RACExPOLPARTY,RACExPOLPARTY :: Other | Democrat,43,0.3343871207188447,0.290014897884488,0.39994211042974914,0.2786961943037211,0.22287737185755946
RACExPOLPARTY,RACExPOLPARTY :: Other | Independent,82,0.2994791839002645,0.23949996617994027,0.3323281490426487,0.2513871445730921,0.16922509773486072
RACExPOLPARTY,RACExPOLPARTY :: Other | Republican,39,0.3438360344462613,0.27273576202935534,0.31297320451371735,0.3014681806033934,0.2635333298954152
RACExPOLPARTY,RACExPOLPARTY :: Refused | Democrat,46,0.5304826520273818,0.3997676133101084,0.516403357208722,0.3793204976237287,0.28571142300093655
RACExPOLPARTY,RACExPOLPARTY :: Refused | Independent,131,0.3132308784393289,0.26076384435136446,0.31753212868722563,0.2696531167719422,0.21294060911280274
RACExPOLPARTY,RACExPOLPARTY :: White | Democrat,250,0.351187895153849,0.2712939842385197,0.3716383834857461,0.274809331834831,0.17126695247373855
RACExPOLPARTY,RACExPOLPARTY :: White | Independent,250,0.3008406923768943,0.19586604054050782,0.2952574898276058,0.20761607801912588,0.10088764712138908
RACExPOLPARTY,RACExPOLPARTY :: White | Other,250,0.2873328811557236,0.19258744750857357,0.2807662956193123,0.20357625123302261,0.10248704781422242
RACExPOLPARTY,RACExPOLPARTY :: White | Refused,206,0.373039682525629,0.28714521694150213,0.3644822069516307,0.29601897137148026,0.219271015907408
RACExPOLPARTY,RACExPOLPARTY :: White | Republican,250,0.38088111222410564,0.2957877850507449,0.344972967275173,0.3054567660678482,0.25345322098461537
RACExPOLIDEOLOGY,RACExPOLIDEOLOGY :: Asian | Conservative,124,0.4317848989893326,0.37518511139548977,0.41352866367518043,0.37688732502728917,0.32585780453409546
RACExPOLIDEOLOGY,RACExPOLIDEOLOGY :: Asian | Liberal,250,0.3512845743003492,0.2764739995370436,0.36291264569209986,0.26744308182575816,0.2044752892268158
RACExPOLIDEOLOGY,RACExPOLIDEOLOGY :: Asian | Moderate,250,0.308259133627139,0.23609815603096923,0.3098319883874524,0.24410667333160962,0.17788987519309474
RACExPOLIDEOLOGY,RACExPOLIDEOLOGY :: Asian | Very liberal,100,0.4557902069244608,0.38437586578224286,0.4510028094454436,0.3562899012008687,0.31361940444940134
RACExPOLIDEOLOGY,RACExPOLIDEOLOGY :: Black | Conservative,250,0.35209332031365076,0.27697482453047517,0.35770548261468615,0.2743542912921214,0.21432718830896294
RACExPOLIDEOLOGY,RACExPOLIDEOLOGY :: Black | Liberal,250,0.32165207693889053,0.2641839187177269,0.33450910387467797,0.24482121922820294,0.17352078390151238
RACExPOLIDEOLOGY,RACExPOLIDEOLOGY :: Black | Moderate,250,0.29575618027136874,0.21037007398496033,0.30298891073641077,0.2061645536054774,0.1301009790960421
RACExPOLIDEOLOGY,RACExPOLIDEOLOGY :: Black | Refused,60,0.41149590763453237,0.3284607308074149,0.386115251474533,0.3265044740270596,0.31581763321233475
RACExPOLIDEOLOGY,RACExPOLIDEOLOGY :: Black | Very conservative,213,0.3650976545033898,0.2857581024888145,0.3597764793073446,0.30448680340933915,0.26458551329190594
RACExPOLIDEOLOGY,RACExPOLIDEOLOGY :: Black | Very liberal,250,0.35594682150370655,0.29446557119316435,0.38117308568533087,0.290917138077853,0.2484866254064019
RACExPOLIDEOLOGY,RACExPOLIDEOLOGY :: Hispanic | Conservative,246,0.3283585926205519,0.2444670523862636,0.316521174221796,0.24132281680975667,0.17129406731359517
RACExPOLIDEOLOGY,RACExPOLIDEOLOGY :: Hispanic | Liberal,250,0.32568395006311907,0.2612699373047225,0.34559517463661854,0.25347546029160917,0.19026348385746553
RACExPOLIDEOLOGY,RACExPOLIDEOLOGY :: Hispanic | Moderate,250,0.29122559492172306,0.20641892111448745,0.2927575267060464,0.2151235294822784,0.12857759450345516
RACExPOLIDEOLOGY,RACExPOLIDEOLOGY :: Hispanic | Refused,44,0.35567301726111616,0.2899837641938239,0.3777164782790857,0.30691546543461085,0.29072229377215647
RACExPOLIDEOLOGY,RACExPOLIDEOLOGY :: Hispanic | Very conservative,68,0.32255830745709724,0.23276913497544757,0.30111397759493763,0.2698918208845528,0.22880196437731204
RACExPOLIDEOLOGY,RACExPOLIDEOLOGY :: Hispanic | Very liberal,166,0.42105085059433234,0.3311615470580493,0.4142021794548335,0.3329829340442083,0.3013166103992538
RACExPOLIDEOLOGY,RACExPOLIDEOLOGY :: Mixed Race | Conservative,121,0.41343231109203327,0.3147625846277952,0.41022386745700784,0.3218511063228479,0.2685426707541175
RACExPOLIDEOLOGY,RACExPOLIDEOLOGY :: Mixed Race | Liberal,168,0.38186929164345884,0.3325656758371695,0.39530726753933443,0.303123509852606,0.23609216764225072
RACExPOLIDEOLOGY,RACExPOLIDEOLOGY :: Mixed Race | Moderate,206,0.3123024123179234,0.23273434125011222,0.31628813046344073,0.2313334133558906,0.16530051613740981
RACExPOLIDEOLOGY,RACExPOLIDEOLOGY :: Other | Conservative,82,0.3966185087329346,0.33090164267643085,0.37757595852081854,0.3133716383574454,0.24681946146254938
RACExPOLIDEOLOGY,RACExPOLIDEOLOGY :: Other | Liberal,44,0.3588935203438468,0.284878713565311,0.39435054935867503,0.2820809847773328,0.23845638689336637
RACExPOLIDEOLOGY,RACExPOLIDEOLOGY :: Other | Moderate,82,0.35231008635818273,0.27116673583617895,0.36512894682008784,0.2533051990104473,0.184460040554328
RACExPOLIDEOLOGY,RACExPOLIDEOLOGY :: Refused | Conservative,24,0.3406853855282817,0.3645327822598832,0.4403330565858183,0.41266303639462487,0.371063909472576
RACExPOLIDEOLOGY,RACExPOLIDEOLOGY :: Refused | Moderate,168,0.38988279275553644,0.2837613391957349,0.37920250014239054,0.2988253899141896,0.21375862399102566
RACExPOLIDEOLOGY,RACExPOLIDEOLOGY :: White | Conservative,250,0.3964023286405884,0.30569486217005915,0.38177215953503935,0.30813118641267756,0.2385576344907724
RACExPOLIDEOLOGY,RACExPOLIDEOLOGY :: White | Liberal,250,0.35386208645385114,0.259221002688514,0.3722012009205853,0.24799764952792502,0.16410651268866833
RACExPOLIDEOLOGY,RACExPOLIDEOLOGY :: White | Moderate,250,0.3005319821270174,0.2062544583790524,0.31139770855114707,0.20483636723973048,0.10390673098984374
RACExPOLIDEOLOGY,RACExPOLIDEOLOGY :: White | Refused,246,0.36990681268341435,0.2724814804435606,0.3438249059338113,0.26698923352515685,0.19620672838180106
RACExPOLIDEOLOGY,RACExPOLIDEOLOGY :: White | Very conservative,250,0.42263746876864017,0.3400312097514661,0.4002743023761961,0.3424650055886231,0.27883136074869913
RACExPOLIDEOLOGY,RACExPOLIDEOLOGY :: White | Very liberal,250,0.413808527344215,0.3232233309150371,0.4088491795495872,0.3030707616286116,0.23218023273902516
RACExRELIG,RACExRELIG :: Asian | Agnostic,188,0.4531097005649255,0.37627513131348467,0.46809364095797956,0.3509004162230254,0.29853875958663045
RACExRELIG,RACExRELIG :: Asian | Hindu,245,0.35581964308473013,0.29393835135803276,0.33751195734579936,0.2806525117239455,0.2505527931179576
RACExRELIG,RACExRELIG :: Asian | Nothing in particular,250,0.33077793484081436,0.259652059766363,0.34157914583092697,0.2370980753433504,0.16309612655211395
RACExRELIG,RACExRELIG :: Asian | Protestant,181,0.3657924007081206,0.3100129934365262,0.359854117844661,0.28115243274167745,0.24288933430718854
RACExRELIG,RACExRELIG :: Asian | Roman Catholic,105,0.3192663838036727,0.25588639883296677,0.3071249246267349,0.2420109048811288,0.20538963770919708
RACExRELIG,RACExRELIG :: Black | Nothing in particular,250,0.29455379941454984,0.24700423281310785,0.3299223330056278,0.23082752986492314,0.18075868871548795
RACExRELIG,RACExRELIG :: Black | Protestant,250,0.3097062469999133,0.23700748656379456,0.33275654916352754,0.23086190241705618,0.1628643569615515
RACExRELIG,RACExRELIG :: Black | Roman Catholic,250,0.3938457897287789,0.32168692418739625,0.39150048195700965,0.3086220544977542,0.27295203964461706
RACExRELIG,RACExRELIG :: Hispanic | Agnostic,57,0.4148831913545809,0.3153214174652778,0.41082508917086913,0.2697262582097655,0.17462017185302556
RACExRELIG,RACExRELIG :: Hispanic | Atheist,57,0.4131694838642474,0.364066231666014,0.4610355322265789,0.29801288508655277,0.22727004869598058
RACExRELIG,RACExRELIG :: Hispanic | Nothing in particular,250,0.3148491468893112,0.25748554802258833,0.3269374223250859,0.22723847794416524,0.17033315528593057
RACExRELIG,RACExRELIG :: Hispanic | Protestant,250,0.31340902110071167,0.23947854243576225,0.3069488175351017,0.22125399702469575,0.168824224781713
RACExRELIG,RACExRELIG :: Hispanic | Roman Catholic,250,0.33444909165419734,0.24668330188714097,0.325821465497882,0.22554500275922026,0.17269971475279727
RACExRELIG,RACExRELIG :: Mixed Race | Nothing in particular,193,0.34420407095553884,0.2753998264907966,0.35135150751820826,0.27941926784354926,0.21622794626663794
RACExRELIG,RACExRELIG :: Mixed Race | Protestant,193,0.33494204889077195,0.24822923829585303,0.32570092257163197,0.23894156277535722,0.1650761815346193
RACExRELIG,RACExRELIG :: Mixed Race | Roman Catholic,80,0.42044950340272624,0.35105673764221434,0.4450253468744038,0.3296587954807456,0.2744181645067102
RACExRELIG,RACExRELIG :: Other | Nothing in particular,57,0.2875434503971808,0.25345563007820093,0.34411827560978403,0.23577399533457952,0.2120873800483146
RACExRELIG,RACExRELIG :: Other | Protestant,105,0.31341779785935353,0.28987865774248855,0.3493619334244324,0.2620254701744983,0.21485527081322833
RACExRELIG,RACExRELIG :: Refused | Protestant,192,0.40530857814974697,0.2993643032357552,0.3748841107677226,0.30442200392207136,0.2550956774621196
RACExRELIG,RACExRELIG :: White | Agnostic,250,0.36750281441518967,0.28815085382342587,0.36963228782290164,0.2592141856156584,0.16199250390118533
RACExRELIG,RACExRELIG :: White | Atheist,250,0.3892941566297575,0.3256605495189395,0.41802964412677374,0.3038304817306788,0.22546649383987918
RACExRELIG,RACExRELIG :: White | Buddhist,128,0.34977758226699157,0.3034495595248717,0.3754002661531832,0.2743128747903296,0.23943163552812072
RACExRELIG,RACExRELIG :: White | Jewish,250,0.3473218087327097,0.25239334731064733,0.3554151951964331,0.24375276237104232,0.14452451495492755
RACExRELIG,RACExRELIG :: White | Mormon,250,0.39060936877521146,0.3196717115016338,0.36707103820851544,0.3145243781567257,0.25707335184181224
RACExRELIG,RACExRELIG :: White | Nothing in particular,250,0.30035245319963605,0.20566907189703285,0.30322834158300804,0.20159045255810262,0.09565657304883377
RACExRELIG,RACExRELIG :: White | Orthodox,193,0.39378450392210973,0.3054949081994892,0.3565470497646634,0.3036582212405193,0.24187915275523258
RACExRELIG,RACExRELIG :: White | Other,250,0.37459834742981607,0.27057381809141157,0.3683845001801521,0.2556437375107039,0.1653783943057541
RACExRELIG,RACExRELIG :: White | Protestant,250,0.34462574641301646,0.2407224491452801,0.31994044926559134,0.24727769674080452,0.17862408959259665
RACExRELIG,RACExRELIG :: White | Roman Catholic,250,0.3187890283917271,0.20991427226712156,0.29292042124751777,0.21589258457942415,0.1375472075997198
